Hubble Diagram Activity,,,,,,
,,,,,,
,,,,,,
,,,,,,
,,,,,,
,,,,,,
,,,,,Absolute Magnitude,-20.5
,,,,,,
,,,,,,
,,,,,,
Data,,,,,Calculated Data,
Red Magnitude,Redshift,RA,Dec,,Distance (MPc),Velocity (km/s)
16.647604,-1.70E-05,147.25534,-0.31933693,,268.856660557155,-5.09E+00
18.602394,6.32E-03,147.17639,-0.35405684,,661.422249498549,1.90E+03
18.490208,0.204065,147.11461,-0.16521837,,628.118521859793,61219.5
18.788727,0.133729,147.22569,-0.29262062,,720.684862346933,40118.7
18.36256,2.49E-04,147.01792,-0.1272663,,592.259451383454,7.48E+01
20.277681,-3.30E-06,147.09176,-0.07734624,,1430.65922641903,-9.91E-01
17.934576,0.084296,147.24805,-0.03572356,,486.312239473693,25288.8
19.767586,0.327329,146.92403,-0.10514302,,1131.14218672617,98198.7
18.816948,0.131529,146.9201,-0.30646208,,730.112190823974,39458.7
17.298187,0.048089,147.32951,0.0289027,,362.775041114338,14426.7
18.977375,-2.27E-04,147.32107,-6.58E-03,,786.094938583488,-6.82E+01
19.893192,0.383197,147.08969,-0.26650926,,1198.50099797291,114959.1
19.996231,0.123804,147.03779,-0.26659122,,1256.74220448657,37141.2
18.025093,0.065066,146.57134,-0.95721148,,507.012422179682,19519.8
17.82189,0.127428,146.36033,-0.81665691,,461.719269630911,38228.4
21.352499,2.29666,146.27472,-0.77914713,,2346.92818188585,688998
17.391548,0.064857,146.51283,-0.84576492,,378.712465182181,19457.1
18.437378,0.205858,146.31179,-0.81320921,,613.021349757043,61757.4
18.041197,0.114681,146.44831,-0.71339967,,510.786487751741,34404.3
19.185457,3.09E-04,146.47335,-0.58450953,,865.149975860891,9.28E+01
19.357918,1.47685,146.438,-0.65600998,,936.663506626458,443055
20.139404,0.371228,146.27838,-0.6115498,,1342.39646550485,111368.4
18.957106,0.271285,146.36894,-0.66824731,,778.791494918765,81385.5
18.406897,0.124682,146.85757,-0.21877608,,604.476469900048,37404.6
17.671833,0.05662,146.90125,-0.4131573,,430.890183356474,16986
20.51609,0.384754,146.84292,-0.39093546,,1596.68042148769,115426.2
17.541782,-3.48E-05,146.83368,-0.3359704,,405.841449093746,-1.04E+01
19.598076,0.082955,146.86816,-0.48679252,,1046.20116668285,24886.5
18.229912,0.065117,146.86432,-0.46407191,,557.163169159711,19535.1
18.639366,0.083964,146.89158,-0.51266153,,672.780197458623,25189.2
17.732389,0.083761,146.8833,-0.49469887,,443.075565044372,25128.3
18.647619,0.125423,146.85967,-0.09893863,,675.342062756082,37626.9
19.574984,0.021989,146.85676,-0.27404021,,1035.13453949809,6596.7
18.695303,0.125091,146.76078,0.01597814,,690.336124314708,37527.3
19.1469,0.131384,146.90232,-0.31366176,,849.923818110089,39415.2
19.18189,0.130811,146.77711,-0.24198689,,863.729991561286,39243.3
20.011734,0.370915,146.89733,-0.18636779,,1265.74668896405,111274.5
18.037004,0.126075,146.80914,0.02638419,,509.80113731314,37822.5
19.998911,0.062841,146.75599,-0.16821182,,1258.29421516825,18852.3
17.556787,0.062144,146.81199,-0.19004646,,408.655548588293,18643.2
19.271053,1.77149,146.76383,0.04142141,,899.933875649862,531447
18.604057,0.127694,146.11835,-0.8681462,,661.928986998203,38308.2
16.983921,0.067598,146.09369,-0.79308773,,313.894856946063,20279.4
18.164175,0.203829,146.14358,-0.74164105,,540.548915048914,61148.7
19.017052,2.28985,146.22601,-0.72509875,,800.590440352995,686955
19.848057,0.300242,146.24259,-0.76261796,,1173.8467449338,90072.6
17.498453,0.067249,146.07944,-0.68096046,,397.823652115687,20174.7
19.01552,5.06E-03,146.03,-0.65827367,,800.025813331215,1.52E+03
19.975239,0.384821,146.26033,-0.94079185,,1244.65159502759,115446.3
18.42878,0.203806,146.13557,-0.68219057,,610.598875286793,61141.8
17.922201,1.09E-04,146.13033,-0.65936219,,483.548677681619,3.26E+01
19.125645,4.13E-03,146.19262,-0.68840099,,841.645101290999,1.24E+03
16.966448,5.02E-03,146.00779,-0.64227163,,311.379201067066,1.51E+03
20.525051,0.45944,146.69355,-0.38654005,,1603.28304554339,137832
19.190205,0.126494,146.57562,-0.29127367,,867.043726014877,37948.2
19.654648,0.045614,146.59449,-0.13317431,,1073.81533062956,13684.2
19.046255,0.131542,146.74174,-0.52469154,,811.429887338071,39462.6
18.443493,6.03E-03,146.61904,-0.43432227,,614.750088595971,1.81E+03
18.080914,0.089395,146.62966,-0.46568888,,520.214915446634,26818.5
17.799585,0.123158,146.49052,-0.36931044,,457.000841752383,36947.4
17.607342,0.035831,146.7517,-0.40839151,,418.281252693827,10749.3
17.646761,0.120955,146.69572,-0.28693372,,425.943700868924,36286.5
18.065727,0.130274,146.64357,-0.33134525,,516.589292286346,39082.2
18.516304,0.121495,146.60365,-0.19149282,,635.712571671694,36448.5
18.688141,0.12592,146.63068,0.07098407,,688.062992617771,37776
19.184769,0.092149,146.60806,0.04767919,,864.875908874474,27644.7
18.982534,0.120775,146.60631,-0.21322083,,787.964768975074,36232.5
17.773361,0.05666,146.72901,0.02697189,,451.515017884132,16998
18.772848,0.130267,146.74794,-0.2682818,,715.434040292329,39080.1
17.983824,0.132107,146.63489,-0.19229113,,497.467599473345,39632.1
17.961872,0.13054,146.73712,-0.2521827,,492.463899884552,39162
18.92424,0.06931,146.66136,-0.1033698,,767.092965256126,20793
18.89406,0.271496,145.89838,-0.72280608,,756.505343559621,81448.8
18.775932,0.517187,145.92005,-0.78353938,,716.450846268893,155156.1
18.537699,0.204633,145.81811,-0.87895114,,642.007054191926,61389.9
18.49465,0.142806,145.93788,-0.73396501,,629.404726625142,42841.8
19.744881,0.368365,145.93986,-0.79011435,,1119.37653824468,110509.5
20.144678,0.369263,145.91067,-0.66994126,,1345.66079595774,110778.9
19.970531,0.368171,145.80638,-0.54706451,,1241.95597159107,110451.3
18.730793,0.067755,145.82165,-0.84656746,,701.711509657463,20326.5
18.156336,0.071529,145.87447,-0.60874859,,538.601055294067,21458.7
19.859474,0.335051,145.98911,-0.61503643,,1180.03475890607,100515.3
17.839428,0.053307,146.37378,-0.36838682,,465.463466971687,15992.1
18.589811,0.052747,146.38135,-0.38646442,,657.600598810001,15824.1
16.979401,0.062515,146.46892,-0.09284351,,313.242152760656,18754.5
17.069481,0.030758,146.35579,-0.14338836,,326.509784286524,9227.4
20.187712,0.366271,146.47181,-0.32044988,,1372.59496037415,109881.3
17.276197,0.052276,146.35204,-0.33269118,,359.119840908931,15682.8
17.321306,0.030694,146.29988,-0.12001413,,366.658029401445,9208.2
18.931433,0.062459,146.43376,-0.10567172,,769.638173042783,18737.7
23.234291,-3.57E-05,146.40564,-0.50711993,,5582.87880316277,-1.07E+01
17.888733,0.052424,146.36539,-0.34351527,,476.153082288644,15727.2
19.999685,0.440819,146.477,0.07743098,,1258.74280171762,132245.7
22.202499,0.389264,146.39881,-9.91E-03,,3471.36116025572,116779.2
18.898567,0.053561,146.39902,-0.35038267,,758.077138984778,16068.3
19.124317,0.021755,146.32316,-0.02998988,,841.130536618732,6526.5
19.013269,0.067546,146.36979,0.08226418,,799.196917226354,20263.8
17.200245,0.021813,146.30086,0.03547963,,346.775973823619,6543.9
19.279629,0.036445,146.32958,-0.30622363,,903.495096758756,10933.5
18.772173,0.128682,146.39968,0.03224605,,715.211682906816,38604.6
18.470459,0.062275,146.34706,0.07541644,,622.43183923369,18682.5
19.251162,0.325544,146.2918,-0.25947359,,891.727992656535,97663.2
16.801214,0.036722,146.05733,-0.09703017,,288.564432266771,11016.6
19.258194,0.271808,146.23462,-0.40626115,,894.620405865572,81542.4
17.954285,0.089884,146.10554,-0.28541597,,490.746261687889,26965.2
17.527519,0.062968,146.19333,-0.03886731,,403.184474220961,18890.4
17.975399,0.091472,146.2278,0.04356582,,495.541236303819,27441.6
17.603111,0.067444,146.22225,-0.3758881,,417.46704710635,20233.2
16.808376,0.06338,146.28017,-0.40694922,,289.517753350208,19014
20.213526,0.369308,146.19248,-0.50827897,,1389.00944862203,110792.4
18.433786,0.091606,146.16234,-0.02242435,,612.00814210308,27481.8
18.944891,0.021593,146.28301,0.06405607,,774.422923618841,6477.9
20.132,2.00E-04,145.97827,-0.03084985,,1337.8271336047,5.99E+01
16.263815,0.021609,146.23184,0.06822916,,225.300938085761,6482.7
19.193039,0.125661,146.02339,0.02199719,,868.176048055938,37698.3
18.879116,0.125387,145.97523,0.10664574,,751.316972833548,37616.1
17.621418,0.063266,146.16563,-0.06416629,,421.001458121866,18979.8
18.701832,0.124034,146.06648,-8.95E-04,,692.414892284887,37210.2
18.87612,0.126221,145.98758,-0.34255457,,750.281088827064,37866.3
17.738588,0.063072,145.99396,-0.13584762,,444.342239954241,18921.6
17.530052,0.097707,145.90594,-0.36835753,,403.655059133135,29312.1
20.596466,0.517352,145.93037,-0.06030272,,1656.88818091359,155205.6
18.210899,0.145096,145.82519,0.04315934,,552.306049309997,43528.8
17.670179,0.127021,145.8765,-0.01099902,,430.562101359258,38106.3
19.132,0.203242,145.89112,-0.46704537,,844.111855592771,60972.6
18.294804,0.098012,145.89245,-0.33629819,,574.064644027258,29403.6
17.216579,3.76E-04,145.87459,-0.33551457,,349.394287411301,1.13E+02
18.63744,0.09108,145.8774,-0.05018751,,672.183735731972,27324
19.120731,2.18982,145.94591,-0.11261678,,839.742628171756,656946
18.298306,0.125791,145.95019,0.07202043,,574.991202588408,37737.3
18.419313,0.127768,145.86533,0.08962432,,607.942632882962,38330.4
18.342691,0.129509,145.83689,2.89E-03,,586.86498725965,38852.7
19.512911,0.345902,145.81742,-0.09430964,,1005.963446195,103770.6
18.690281,0.155622,145.84425,0.03068541,,688.741417355281,46686.6
18.024479,0.127781,145.86564,0.05618939,,506.869080906724,38334.3
16.872606,7.72E-04,145.84176,-0.27778925,,298.209311466348,2.32E+02
18.664434,0.122502,145.84849,0.05129905,,680.591937491912,36750.6
18.388891,0.062673,145.82273,-0.16028957,,599.484833139368,18801.9
19.000355,0.2886,145.9253,0.04879248,,794.458104932822,86580
18.246801,0.149208,145.67849,-0.79140064,,561.513497281712,44762.4
17.090057,0.067613,145.68114,-0.86722346,,329.618364371287,20283.9
18.609018,1.36,145.74093,-0.78478748,,663.442975252437,408000
19.380272,0.345755,145.61421,-0.86576193,,946.355695051513,103726.5
18.213474,0.098501,145.75413,-0.75339419,,552.961379601892,29550.3
18.152433,0.098398,145.5822,-0.89274307,,537.633844367484,29519.4
18.410152,0.1455,145.64525,-0.81551887,,605.383249242755,43650
18.38158,0.021788,145.64788,-0.77176336,,597.469857623358,6536.4
16.887062,0.06747,145.75973,-0.81389214,,300.201183462553,20241
17.707611,0.071597,145.70894,-0.74767797,,438.048502493794,21479.1
19.092449,0.145969,145.64345,-0.68481998,,828.876448747236,43790.7
18.758562,0.142661,145.78109,-0.60534054,,710.742687283798,42798.3
20.161957,0.401977,145.70728,-0.67774657,,1356.4113026723,120593.1
18.288525,0.06263,145.74475,-0.07635172,,572.407084176624,18789
18.535318,0.14577,145.6012,-1.39E-03,,641.303485020535,43731
18.241737,0.143947,145.73722,-0.06100854,,560.205540844002,43184.1
19.277103,1.61642,145.74414,-0.04356676,,902.444702703772,484926
18.314407,0.124728,145.66949,0.11167288,,579.270483822705,37418.4
17.966047,0.063078,145.62226,0.03459306,,493.411650622111,18923.4
20.684868,0.51557,145.71827,0.069323,,1725.73298451969,154671
18.917988,0.097719,145.68939,-0.0113357,,764.887564070505,29315.7
18.439342,0.098322,145.70269,-0.04852748,,613.576051055668,29496.6
18.480839,0.091179,145.59828,-0.20219947,,625.414289781644,27353.7
20.311234,0.125435,145.64341,-0.3001479,,1452.93705519175,37630.5
15.633614,-3.53E-04,145.57595,-0.42212484,,168.547688155384,-1.06E+02
19.651545,0.358139,145.63696,-0.45449248,,1072.28196121298,107441.7
18.342094,0.164091,145.72206,-0.52713707,,586.703663432331,49227.3
18.517082,0.145184,145.77842,-0.13455067,,635.940377003031,43555.2
18.950962,1.58644,145.76225,-0.21964896,,776.591083772324,475932
18.816944,0.144941,145.80121,-0.21112851,,730.110845908857,43482.3
19.075518,0.030395,145.66918,-0.42102498,,822.438817531882,9118.5
18.411623,0.146795,145.3983,-0.67092618,,605.793487223078,44038.5
18.302048,0.090211,145.37814,-0.67431767,,575.982913110782,27063.3
17.541973,0.060854,145.48725,-0.80693196,,405.877147970523,18256.2
18.621977,0.146705,145.38815,-0.69227045,,667.414134642987,44011.5
18.374928,0.14638,145.46323,-0.84422273,,595.642393352525,43914
17.954033,0.149037,145.43954,-0.64524127,,490.689313747024,44711.1
17.980356,0.125876,145.39427,-0.55765535,,496.673741484978,37762.8
18.646511,0.218403,145.52621,-0.74745062,,674.997555439769,65520.9
19.174871,0.217783,145.55749,-0.69320463,,860.942604910286,65334.9
18.414513,0.146737,145.49628,-0.73679163,,606.60027100461,44021.1
17.038322,4.77E-05,145.44053,-0.72903632,,321.858067970826,1.43E+01
17.983269,0.126751,145.47822,-0.59981627,,497.340469496272,38025.3
18.87405,0.121367,145.41306,0.10646309,,749.566208993044,36410.1
19.055164,0.122516,145.44666,0.07735471,,814.765816715253,36754.8
19.659126,0.336428,145.55032,9.50E-03,,1076.03203231026,100928.4
18.713236,0.148869,145.36478,-0.34279396,,696.060837949477,44660.7
18.525553,0.035877,145.39106,-0.41559587,,638.42605084186,10763.1
17.853899,0.090914,145.42694,0.04953673,,468.575740304369,27274.2
19.50132,0.342291,145.36789,-0.46545391,,1000.60806726254,102687.3
18.472765,0.146903,145.40681,-0.31439655,,623.093183218367,44070.9
19.307827,0.366273,145.49979,-0.430594,,915.304083689822,109881.9
17.901905,0.090518,145.44549,-0.12267788,,479.05017152273,27155.4
18.039446,0.090143,145.39609,-0.09123094,,510.374773270975,27042.9
19.51182,0.345138,145.53049,-0.29051266,,1005.4581528952,103541.4
18.334305,0.126737,145.51629,-0.51919387,,584.602946572333,38021.1
19.839146,8.59E-05,145.39771,-0.15474118,,1169.03953893709,2.58E+01
18.330259,0.122845,145.46451,0.10700143,,583.514698201615,36853.5
19.353004,0.181577,145.45408,0.03907834,,934.546251811569,54473.1
18.768368,0.098284,145.51958,-0.2775546,,713.959538260332,29485.2
17.60051,0.090192,145.34744,0.05434486,,416.967302445958,27057.6
18.742228,2.56657,145.49612,-0.2645744,,705.416477604617,769971
17.905411,0.14143,145.20738,-0.8630533,,479.824257576824,42429
18.422108,0.147766,145.27784,-0.73313608,,608.725647062199,44329.8
20.414593,0.460216,145.29601,-0.94320703,,1523.76712670797,138064.8
19.940725,0.369418,145.29141,-0.86035856,,1225.02513606384,110825.4
18.181446,0.118675,145.1963,-0.87997986,,544.865362054021,35602.5
19.14749,0.131578,145.36211,-0.71402013,,850.154778070986,39473.4
17.367153,0.089769,145.3416,-0.5772753,,374.481700301431,26930.7
18.31842,0.151154,145.34203,-0.90634094,,580.34199722108,45346.2
18.645456,1.16692,145.24564,-0.64077363,,674.669690597849,350076
18.383457,0.150474,145.16039,-0.6554685,,597.986528129165,45142.2
18.305599,0.129679,145.22485,-0.54802267,,576.925586190748,38903.7
23.103312,1.18E-04,145.29542,-0.74985409,,5256.08524322984,3.55E+01
20.200104,0.405959,145.2669,-0.95732134,,1380.45037799247,121787.7
18.747292,0.142634,145.18668,-0.89337765,,707.063469567173,42790.2
20.656366,5.59E-04,145.24573,0.04436597,,1703.22961572373,1.68E+02
17.822811,0.051985,145.3206,-0.25286139,,461.91514301101,15595.5
18.340603,0.12217,145.28961,-0.14730667,,586.300952855281,36651
18.094051,0.091032,145.34432,-0.01691648,,523.371657141724,27309.6
20.470026,0.437593,145.17299,-5.65E-03,,1563.1663590114,131277.9
18.539198,0.204843,145.34424,-0.36850145,,642.450394303087,61452.9
18.644672,0.120417,145.32998,0.04308121,,674.426148215843,36125.1
18.490295,0.122407,145.20774,-0.32210594,,628.143687920332,36722.1
18.056047,0.120381,145.34053,0.01913503,,514.291563309147,36114.3
20.616547,0.484481,145.25355,-0.10723425,,1672.28155657342,145344.3
18.654413,0.22106,145.23331,-0.43567204,,677.45834995045,66318
18.185215,0.123687,145.21905,-0.18615382,,545.811899884808,37106.1
19.155874,0.651967,145.19933,-0.28622504,,853.443548991666,195590.1
19.073263,3.43E-04,145.28112,-0.3304716,,821.585186194225,1.03E+02
19.664303,0.336875,145.31208,-0.40076564,,1078.60045709552,101062.5
18.938379,0.153469,145.33123,-0.54206811,,772.103995755148,46040.7
18.911194,0.148269,145.2754,-0.47347782,,762.498159973423,44480.7
19.095932,0.06239,145.16739,-0.4823431,,830.207017454571,18717
20.347471,0.483203,145.33158,-0.35072129,,1477.38675096735,144960.9
19.105793,0.098892,145.54119,0.79539687,,833.985692246087,29667.6
18.677565,0.061495,145.19872,0.93266524,,684.719978922588,18448.5
18.630619,0.147139,145.39045,0.9578064,,670.075593966146,44141.7
20.344067,0.465278,145.50528,0.94505288,,1475.07261389247,139583.4
17.650738,0.047066,145.22993,0.76255666,,426.724521421213,14119.8
17.607388,0.051261,145.44311,0.82657169,,418.290113566909,15378.3
18.613697,0.151704,145.20053,0.87098003,,664.874076345969,45511.2
19.199209,1.09E-03,145.18365,0.79991331,,870.646382731359,3.26E+02
18.234015,6.54E-03,145.32091,0.77109766,,558.216924930318,1.96E+03
17.890251,0.079317,145.29603,0.80159953,,476.486060537316,23795.1
18.374447,0.098018,145.34123,0.54730699,,595.510468000525,29405.4
18.677856,0.090913,145.39406,0.35570036,,684.811744705389,27273.9
18.632942,0.083427,145.34252,0.6228342,,670.792811692613,25028.1
17.406376,1.45E-04,145.28412,0.706299,,381.307370436925,4.34E+01
18.937746,0.146895,145.30472,0.56238456,,771.878954627205,44068.5
17.698622,2.20E-04,145.2928,0.37633508,,436.238910463538,6.61E+01
19.070004,1.27E-04,145.26257,0.31093104,,820.3530554746,3.80E+01
18.116737,0.098401,145.31181,0.50329966,,528.868133789418,29520.3
18.154903,0.062238,145.32998,0.1754678,,538.245738460961,18671.4
18.082703,0.098258,145.22038,0.41085475,,520.643678877327,29477.4
19.261463,1.47813,145.3386,0.140315,,895.96820863978,443439
19.221846,0.322636,145.29315,0.30617839,,879.77010426713,96790.8
19.558474,0.488871,145.38704,0.12528484,,1027.29411451805,146661.3
18.014917,0.090138,145.19382,0.16887025,,504.642008307536,27041.4
18.199888,0.121901,145.25193,0.12645211,,549.512530420999,36570.3
19.696564,0.336406,145.33843,0.27131682,,1094.74457064954,100921.8
19.037207,0.125719,145.2499,0.26180076,,808.055889573954,37715.7
18.843483,0.064621,145.28856,0.34651307,,739.088764059461,19386.3
18.62356,0.083251,145.21869,0.14700021,,667.900855894232,24975.3
18.039902,0.082572,145.86812,0.82938446,,510.481961063716,24771.6
18.842028,0.163528,145.80749,0.94992811,,738.593701838544,49058.4
19.542084,-3.49E-05,145.84875,0.92608405,,1019.5694172415,-1.05E+01
17.919254,0.083952,145.5446,0.93933415,,482.892877770394,25185.6
18.990196,0.197556,145.59891,0.84379434,,790.749998929826,59266.8
19.019547,0.163944,145.84294,0.74785818,,801.510839395529,49183.2
20.314053,0.374466,145.56952,0.75237106,,1454.82447926826,112339.8
20.421711,0.694866,145.67367,0.94780421,,1528.77017001796,208459.8
20.296825,0.4103,145.49682,0.7331675,,1443.32787754178,123090
18.60717,0.146174,145.43387,0.56413952,,662.878601946105,43852.2
17.519096,0.045713,145.59403,0.30938427,,401.623577179955,13713.9
19.924665,0.358471,145.53343,0.72985508,,1215.99839021076,107541.3
18.354359,0.155811,145.63365,0.62077958,,590.026883595373,46743.3
18.83349,0.152354,145.55448,0.22326714,,735.695331246156,45706.2
17.517956,6.45E-03,145.51241,0.33917087,,401.412784395492,1.93E+03
18.562519,0.145944,145.42138,0.53370588,,649.387313575635,43783.2
19.529629,1.6055,145.46536,0.33402647,,1013.73817193466,481650
17.289043,-4.99E-05,145.63729,0.37329958,,361.250619062131,-1.50E+01
18.068649,0.123007,145.49927,0.12144706,,517.28489862165,36902.1
18.311165,0.122263,145.47131,0.15515025,,578.406280493134,36678.9
18.33901,0.09047,145.57687,0.23361317,,585.870998086817,27141
18.879042,-1.55E-04,145.40905,0.30596715,,751.29136969513,-4.65E+01
18.78104,1.14E-04,145.46723,0.27770214,,718.138152355271,3.41E+01
18.745028,1.40566,145.59384,0.27826036,,706.326661916801,421698
18.554018,0.153274,145.55632,0.23846866,,646.850026087517,45982.2
18.422213,0.120536,145.55565,0.18343852,,608.755082268467,36160.8
18.177011,0.123116,145.43888,0.14695969,,543.753668508873,36934.8
17.312305,0.03805,145.99263,0.78807767,,365.141335791642,11415
19.593193,1.51E-04,145.87385,0.94870332,,1043.85121247157,4.53E+01
18.088703,0.123307,146.01513,0.8235057,,522.084259845441,36992.1
17.423504,0.036387,145.96966,0.83091776,,384.32691514664,10916.1
18.925537,0.037459,146.01225,0.76563817,,767.55127951275,11237.7
18.849478,0.122405,146.04623,0.76611923,,741.132059235662,36721.5
18.101368,0.124425,145.87525,0.91247639,,525.138186440646,37327.5
18.330055,0.151557,145.87188,0.87375974,,583.459882212892,45467.1
18.750389,0.164522,145.79884,0.6504951,,708.072617945234,49356.6
17.40472,0.026687,145.8475,0.67573036,,381.016690118455,8006.1
19.07155,0.167106,145.70654,0.45938881,,820.937321432666,50131.8
20.122393,0.466909,145.6607,0.6338449,,1331.92140984114,140072.7
20.008236,0.156155,145.64564,0.50959376,,1263.70935354027,46846.5
18.561312,0.164291,145.73267,0.53403606,,649.026455806402,49287.3
18.638933,0.12234,145.79259,0.52472729,,672.646055858849,36702
18.853561,0.062777,145.81392,0.48850601,,742.52691412235,18833.1
17.21633,0.025208,145.80019,0.41417226,,349.354225106419,7562.4
18.812838,0.122536,145.6519,0.46908714,,728.731596221778,36760.8
18.939449,0.080036,145.79648,0.56150148,,772.484546228466,24010.8
18.581409,0.165798,145.72549,0.73065387,,655.061084686621,49739.4
19.903057,0.021585,145.82657,0.37310286,,1203.9581750653,6475.5
17.989822,0.036689,145.72946,0.12689565,,498.843594562243,11006.7
18.460201,0.120738,145.74324,0.46346691,,619.49841562515,36221.4
19.241064,0.02495,145.77515,0.32021602,,887.590816224101,7485
18.634558,0.122922,145.76582,0.13534552,,671.292198483541,36876.6
17.591736,0.125232,145.82799,0.19321664,,415.285913414904,37569.6
20.288258,0.40669,146.18715,0.96667596,,1437.64480718173,122007
18.750198,0.143437,146.24704,0.92494778,,708.010339501465,43031.1
20.511137,0.43738,146.10837,0.79938927,,1593.04263834192,131214
19.456009,2.53527,146.13006,0.9500401,,979.94522262025,760581
18.692308,0.120129,146.15329,0.86874136,,689.384635591497,36038.7
17.493475,0.122286,146.14741,0.81735361,,396.912704356788,36685.8
17.808847,0.122177,146.15976,0.84071746,,458.954254377267,36653.1
18.739565,0.12391,146.12635,0.75790423,,704.551915535144,37173
18.630644,0.122458,146.13155,0.84119279,,670.083308540924,36737.4
16.115742,0.036184,146.02091,0.7335569,,210.449743132545,10855.2
18.667362,0.14372,145.99917,0.35244454,,681.510262454201,43116
19.10247,0.030486,145.92821,0.53113356,,832.71042158615,9145.8
18.259722,0.080068,146.05095,0.44008916,,564.864654102395,24020.4
17.301054,0.035207,146.01687,0.71680772,,363.254330166311,10562.1
17.586153,0.030467,145.94781,0.46529716,,414.219557132723,9140.1
18.524891,0.122092,146.06202,0.30231485,,638.231448494091,36627.6
18.527882,0.123601,145.93673,0.49889122,,639.111158297476,37080.3
18.711126,0.143475,145.93774,0.67207956,,695.384810459035,43042.5
18.276785,1.12E-04,146.02863,0.55695456,,569.320733213109,3.35E+01
18.022833,0.12715,146.00604,0.14544788,,506.485014143249,38145
19.110214,0.144162,145.90721,0.40090482,,835.685371503052,43248.6
18.343733,0.011149,146.04543,0.17980546,,587.146667126969,3344.7
18.482208,0.145443,145.93972,0.11688777,,625.808705159851,43632.9
18.790466,0.202576,146.00406,0.20363364,,721.262246125015,60772.8
18.448095,0.144548,145.95625,0.19937236,,616.054309569611,43364.4
20.481773,0.440525,146.01594,0.3131747,,1571.64552393711,132157.5
19.349447,0.080058,145.93858,0.15101524,,933.016663000428,24017.4
18.285938,0.12562,145.97847,0.29494694,,571.72554874511,37686
17.854759,0.120809,146.27502,0.58101816,,468.761353966096,36242.7
19.508799,0.19361,146.21636,0.65945184,,1004.06031006036,58083
18.249851,3.14E-04,146.0623,0.50312476,,562.302740319328,9.43E+01
18.846149,0.037363,146.25172,0.506149,,739.996728952725,11208.9
18.230486,0.141343,146.15186,0.61346142,,557.310467338777,42402.9
19.342167,6.90E-05,146.18598,0.27795367,,929.893902574077,2.07E+01
18.574615,0.21841,146.14438,0.24309987,,653.014763484509,65523
19.562872,0.036151,146.08981,0.65983497,,1029.37685703903,10845.3
18.489697,0.144406,146.06942,0.69821674,,627.970727763772,43321.8
18.64575,0.122821,146.18532,0.1193105,,674.7610416629,36846.3
18.937447,0.242642,146.20851,0.39060401,,771.772678389126,72792.6
18.20365,0.128888,146.14242,0.30903218,,550.465366799713,38666.4
18.19529,0.126705,146.06576,0.18365913,,548.350192163735,38011.5
19.20314,0.20086,146.07867,0.21277136,,872.223934745591,60258
19.161535,0.144405,146.17224,0.57064832,,855.671367779896,43321.5
17.171249,3.57E-04,146.08468,0.25722726,,342.176200798824,1.07E+02
19.134899,0.125978,146.14448,0.12700616,,845.239530279948,37793.4
19.983166,0.442345,146.07338,0.1562641,,1249.20352197637,132703.5
18.674221,0.144287,146.1566,0.56959059,,683.666342934416,43286.1
18.990547,0.144997,146.31675,0.58920156,,790.877827255746,43499.1
19.413229,0.190968,146.42944,0.24000639,,960.828330562177,57290.4
19.064796,0.146678,146.32035,0.57342009,,818.387900685794,44003.4
19.31362,0.057607,146.40623,0.6041419,,917.749169141796,17282.1
19.564009,0.263064,146.42536,0.56713104,,1029.91598797642,78919.2
17.830093,0.030345,146.46299,0.63870908,,463.466768704352,9103.5
18.628195,0.146798,146.33806,0.72218147,,669.328010440399,44039.4
19.505024,1.90373,146.39794,0.14516539,,1002.316316026,571119
19.597757,0.120836,146.29875,0.65613355,,1046.04748586332,36250.8
18.891926,0.143963,146.4187,0.39886801,,755.762258179343,43188.9
18.277206,0.048909,146.51535,0.16677959,,569.431122488065,14672.7
18.427574,9.05E-04,146.47345,0.27016024,,610.259852883864,2.71E+02
20.622597,0.362729,146.41406,0.18838338,,1676.94724356177,108818.7
18.193462,0.649429,146.50879,0.58851764,,547.88877144792,194828.7
18.856602,0.120348,146.39576,0.24010216,,743.567501227828,36104.4
17.768211,0.129291,146.37363,0.25553936,,450.445445416083,38787.3
18.280266,0.125748,146.56889,0.26607889,,570.234120272072,37724.4
19.551403,0.11984,146.41187,0.21531922,,1023.95436101935,35952
17.494968,0.05749,146.58882,0.1725996,,397.185696281587,17247
19.192778,0.142961,146.6088,0.80469883,,868.071703957266,42888.3
15.7897,0.026833,146.52027,0.87187462,,181.108986402344,8049.9
19.221699,0.220351,146.51129,0.81325715,,879.710549364462,66105.3
19.466381,0.020273,146.53089,0.7819304,,984.637110282953,6081.9
18.738585,0.085311,146.37977,0.92667107,,704.234018290477,25593.3
19.129017,0.218217,146.47466,0.9057312,,842.953076443932,65465.1
18.436945,0.1428,146.36651,0.8511818,,612.899123114727,42840
20.586548,0.418012,146.34873,0.90581202,,1649.33775299572,125403.6
23.1287,0.393526,146.41413,0.76855419,,5317.89796221912,118057.8
18.725096,0.026302,146.5912,0.89671788,,699.872936444554,7890.6
19.133699,0.085313,146.78188,0.70441663,,844.772562693561,25593.9
16.724272,0.02008,146.8068,0.66563514,,278.518726026408,6024
20.623503,0.450544,146.64377,0.46720989,,1677.64705959011,135163.2
17.554523,0.030555,146.79909,0.70274154,,408.229702044769,9166.5
18.621506,0.091365,146.74774,0.26577222,,667.269385869543,27409.5
18.193432,0.062563,146.85248,0.68705168,,547.881202137102,18768.9
19.341255,0.312316,146.72474,0.65004519,,929.503437021452,93694.8
18.81451,0.211039,146.68492,0.67847921,,729.292924302022,63311.7
18.999229,0.02519,146.61129,0.69305476,,794.046251699586,7557
19.395943,0.180224,146.69457,0.17236098,,953.210022334174,54067.2
21.17231,2.26E-04,146.7187,0.12311831,,2160.04102673173,6.79E+01
18.879311,0.207183,146.67518,0.27798105,,751.384444742226,62154.9
18.683472,5.91E-03,146.72511,0.50828311,,686.585140623597,1.77E+03
20.016315,0.36694,146.81401,0.11892939,,1268.41976280997,110082
18.848896,0.142559,146.63864,0.19621885,,740.933446967858,42767.7
18.536156,0.091616,146.61674,0.13787023,,641.551020300606,27484.8
18.204203,0.062978,146.81624,0.94410756,,550.605569415635,18893.4
19.056221,0.262268,146.74791,0.73472126,,815.162513952561,78680.4
19.334824,1.9974,146.64496,0.93743071,,926.754705943931,599220
16.803822,3.50E-04,146.8094,0.97601012,,288.911214546678,1.05E+02
18.99102,0.261903,146.7815,0.73798191,,791.050118626375,78570.9
19.583618,6.16E-03,146.77295,0.96442822,,1039.25853530238,1.85E+03
18.54422,0.123513,146.7989,0.85056678,,643.937919358304,37053.9
17.738384,0.069984,146.7823,0.7944099,,444.300497973637,20995.2
19.973745,0.335498,146.6873,0.86093703,,1243.79555378171,100649.4
18.160215,0.062705,146.9038,0.6322135,,539.564042731711,18811.5
18.315397,0.1244,146.87104,0.42252041,,579.534640311176,37320
18.077805,0.125843,146.8769,0.36161608,,519.470632028443,37752.9
19.459442,0.312999,147.02282,0.66094747,,981.495697138256,93899.7
20.189829,0.338382,146.86054,0.52471508,,1373.93377565178,101514.6
18.79767,0.0619,146.91732,0.69489356,,723.659053805348,18570
18.628948,0.214051,146.98213,0.52149846,,669.560153103742,64215.3
19.236858,0.219279,147.00379,0.59493357,,885.873274798733,65783.7
17.291805,1.10E-03,147.01354,0.15538982,,361.710403415392,3.30E+02
18.323704,0.063469,147.03909,0.52560708,,581.755904728492,19040.7
18.698235,0.204843,146.89532,0.35901356,,691.268870503798,61452.9
19.434681,0.370194,147.09159,0.20767254,,970.367405019527,111058.2
18.303394,0.06296,146.88773,0.21745855,,576.340050197156,18888
18.860828,0.07035,146.97831,0.38903265,,745.01600038092,21105
18.158199,0.080235,146.90289,0.20893553,,539.063342689819,24070.5
18.137947,0.069916,146.95764,0.39340648,,534.059198937133,20974.8
17.708698,0.062377,147.11309,0.44008895,,438.267836581695,18713.1
18.533636,0.154343,146.934,0.81888985,,640.806930332262,46302.9
0,0,146.1571,0.93704833,,0.125892541179417,0
20.37174,0.444292,147.06404,0.93964634,,1493.99106453628,133287.6
18.21072,0.211183,147.0805,0.78802023,,552.260523192441,63354.9
18.619125,0.21965,146.90205,0.89976236,,666.538131959098,65895
18.713388,0.062391,146.84077,0.88626588,,696.109562929799,18717.3
18.229168,0.020148,146.84222,0.74084309,,556.972304016709,6044.4
20.479904,3.87734,147.09569,0.93178014,,1570.29338070367,1163202
18.675808,0.098243,147.07442,0.88521055,,684.166176619246,29472.9
16.601692,0.06201,147.02167,0.75447111,,263.23182817092,18603
16.940922,-2.04E-04,146.98697,0.90994195,,307.740319259213,-6.11E+01
18.16703,0.104141,147.17057,0.53120746,,541.260083247895,31242.3
17.859934,0.0646,147.15059,0.41658878,,469.879826802818,19380
17.005905,0.063351,147.18007,0.4296096,,317.088871233281,19005.3
19.224787,0.109906,147.29397,0.38134272,,880.962455052407,32971.8
19.647875,0.062621,147.17998,0.49299324,,1070.47123078227,18786.3
18.402487,0.086166,147.12735,0.50446172,,603.250096425636,25849.8
18.252506,4.29E-05,147.16763,0.47167291,,562.990672992812,1.29E+01
18.376474,0.584575,147.23886,0.37375648,,596.066617497598,175372.5
17.823551,3.15E-04,147.18683,0.58795241,,462.072582476334,9.44E+01
19.323238,0.073778,147.2654,0.46567798,,921.823127748983,22133.4
19.679323,0.366142,147.3296,0.32443263,,1086.08696147203,109842.6
18.62332,0.092913,147.32681,0.2454933,,667.827040842868,27873.9
17.48085,0.080224,147.30829,0.15116349,,394.611738455163,24067.2
18.183203,0.069898,147.12832,0.3692322,,545.306406500282,20969.4
18.425346,0.191905,147.24832,0.31141852,,609.634027909977,57571.5
19.922119,0.369801,147.31755,0.34925028,,1214.57349637209,110940.3
18.979969,0.084725,147.31446,0.17484306,,787.034553887905,25417.5
16.569353,0.020175,147.19292,0.27191843,,259.34065298156,6052.5
18.940605,0.020042,147.3056,0.2175774,,772.895893786611,6012.6
18.912762,0.046602,148.59859,-0.73222758,,763.048951629023,13980.6
17.543907,0.093418,148.6669,-0.89910499,,406.238799385359,28025.4
18.384977,0.089724,148.57358,-0.89900167,,598.405256783244,26917.2
19.01405,0.182865,148.70752,-0.73061966,,799.484411117251,54859.5
20.094193,0.419662,148.57064,-0.71583138,,1314.73613648789,125898.6
17.296247,0.086359,148.73288,-0.76115921,,362.451081533229,25907.7
19.170994,0.292166,148.82978,-0.74093264,,859.406828321182,87649.8
17.77212,1.39E-04,148.96675,-0.77607839,,451.257050041462,4.16E+01
18.566067,0.089017,148.56496,-0.95461485,,650.449224145998,26705.1
17.769114,0.083967,148.58499,-0.94207436,,450.632800696526,25190.1
18.547073,0.089832,148.56556,-0.93608348,,644.784516479324,26949.6
18.892914,0.358335,148.60658,-0.92868782,,756.106201304214,107500.5
19.409004,0.08565,149.16857,-0.38049866,,958.960679383964,25695
17.079803,0.087763,149.16089,-0.35802021,,328.065529050423,26328.9
20.595531,0.470174,149.12558,-0.30699451,,1656.17490591991,141052.2
17.921568,0.087122,149.12382,-0.39828319,,483.407740268473,26136.6
17.836395,0.089755,149.11298,-0.34882857,,464.813785576726,26926.5
17.886932,0.088339,149.18631,-0.3118078,,475.75832886104,26501.7
17.615345,0.086629,149.11264,-0.47562545,,419.825679912902,25988.7
17.060253,0.070726,149.19127,-0.25953399,,325.125175774956,21217.8
18.176409,0.088037,149.1499,-0.49002964,,543.602943896023,26411.1
17.811728,0.085444,149.17153,-0.41298084,,459.563575837921,25633.2
18.614639,0.166973,149.15457,-0.11572062,,665.162565965253,50091.9
18.19787,0.090829,149.13546,-0.34629229,,549.002092816442,27248.7
17.98875,0.088483,149.17529,0.19213513,,498.597389105502,26544.9
17.8162,0.139254,149.16987,-0.02334115,,460.510991055095,41776.2
18.110519,0.091954,149.14242,-0.37241929,,527.355888813126,27586.2
17.513332,0.065878,149.11792,0.18398894,,400.558913143917,19763.4
18.909313,0.085344,149.15617,-0.31522682,,761.837945267931,25603.2
18.393007,0.088124,149.12806,0.08362819,,600.622227093655,26437.2
18.571007,0.079083,149.15395,0.17248053,,651.930650706795,23724.9
16.983404,4.58E-04,148.5264,-0.97168901,,313.82013146347,1.37E+02
19.082161,0.091643,148.50906,-1.0035186,,824.958686777797,27492.9
18.906,1.30088,148.42886,-0.86325794,,760.676500766227,390264
19.045046,0.153012,148.5592,-0.76021668,,810.978237258756,45903.6
19.310156,1.38558,148.41438,-0.72075858,,916.286314366445,415674
17.706041,0.087079,148.44055,-0.80351664,,437.731902759365,26123.7
17.190977,0.090358,148.50864,-0.89222436,,345.299063116086,27107.4
19.108192,0.089138,148.50439,-0.7917225,,834.907572376147,26741.4
18.611755,0.13758,148.50001,-0.74543922,,664.279729278247,41274
17.683472,0.089426,148.45399,-0.79593592,,433.205937087424,26827.8
17.612286,0.088504,149.06944,-0.55499982,,419.234678801952,26551.2
17.984165,0.088768,149.06937,-0.233999,,497.545726080395,26630.4
17.480278,0.021425,149.09028,-0.25137208,,394.507805203608,6427.5
18.299074,0.090969,149.1053,-0.36742265,,575.194599758717,27290.7
19.687626,0.378388,149.04851,-0.07764741,,1090.24775233298,113516.4
17.685305,0.063865,149.06268,-0.0292015,,433.57177260082,19159.5
17.788893,0.045796,149.11249,0.1297301,,454.756169835355,13738.8
16.967121,0.084225,149.01975,-0.59644421,,311.475721141982,25267.5
18.488253,0.093623,149.04382,-0.62281596,,627.553274476206,28086.9
17.999161,0.083825,149.02543,-0.12057915,,500.993625427003,25147.5
17.849842,0.082033,149.0197,-0.23986022,,467.701109326469,24609.9
18.596592,0.084427,149.07118,-0.10311127,,659.657341228996,25328.1
17.639969,0.084389,148.99701,-0.24462691,,424.613502108979,25316.7
17.280842,5.26E-05,148.98573,5.37E-03,,359.888856926198,1.58E+01
19.318069,0.084394,149.08494,-0.30017934,,919.631418102754,25318.2
18.539732,0.209105,149.02733,0.14326649,,642.60840261834,62731.5
18.773113,0.512548,149.10806,-0.06475232,,715.521355051114,153764.4
17.719152,0.074634,149.01061,0.13973901,,440.382852301107,22390.2
18.070843,0.086282,149.01119,-0.08002873,,517.807814134791,25884.6
19.328447,0.107584,148.21563,-0.87471248,,924.037082017935,32275.2
18.287989,0.137242,148.39456,-0.88771162,,572.265810295909,41172.6
18.028059,0.090409,148.26946,-0.85665628,,507.70542031305,27122.7
17.719221,0.048639,148.24551,-0.97315015,,440.39684598551,14591.7
18.763342,0.137531,148.35353,-0.90500968,,712.308948047775,41259.3
17.617121,0.08326,148.38497,-0.94142973,,420.169186649003,24978
18.553305,0.136261,148.22293,-0.73857738,,646.637668630428,40878.3
19.844179,0.420108,148.35425,-0.74138513,,1171.75226045281,126032.4
18.630817,0.107225,148.24882,-0.80775746,,670.136695832333,32167.5
18.040644,0.089504,148.26686,-0.78332894,,510.656424407419,26851.2
17.756733,0.089093,148.25222,-0.77420296,,448.070756034177,26727.9
16.831032,0.089783,148.23767,-0.79198332,,292.554242196578,26934.9
18.846409,3.24E-04,148.37166,-0.8501361,,740.085337340078,9.71E+01
18.422626,0.146062,148.23213,-0.86359612,,608.87087455679,43818.6
14.872358,-2.35E-05,148.76817,-0.22083189,,118.70570727877,-7.05E+00
18.995182,0.084738,148.90844,8.76E-03,,792.567756047823,25421.4
17.694489,0.088267,148.85664,-0.0591597,,435.409399261655,26480.1
20.327366,0.469004,148.75351,-0.59619364,,1463.77120649556,140701.2
18.393761,0.135663,148.87361,-0.29058415,,600.830817260947,40698.9
17.20771,0.020971,148.97947,-0.19030594,,347.970157719657,6291.3
17.856091,0.085264,148.84251,-0.04411415,,469.048984452702,25579.2
19.959352,0.413965,148.88621,-0.03731969,,1235.57866318252,124189.5
16.724567,0.032221,148.87996,-0.46726397,,278.556566067616,9666.3
18.596375,0.085223,148.79165,-0.02102262,,659.591423517941,25566.9
16.389389,0.083984,148.95363,-0.09714281,,238.713950488383,25195.2
18.924913,0.084673,148.9724,0.09480866,,767.330745654499,25401.9
18.460732,0.137716,148.84821,-0.5873222,,619.649922906936,41314.8
18.91544,0.087882,148.84264,-0.07873674,,763.990573385708,26364.6
19.814762,0.421732,148.87511,-0.06406012,,1155.98553570756,126519.6
17.735289,0.07679,148.77557,-0.14121193,,443.667687476789,23037
18.813906,0.214788,148.81068,0.16484644,,729.090098022503,64436.4
18.50898,0.12485,148.95481,-2.09E-03,,633.572035230289,37455
18.74198,0.216103,148.91534,-0.09673571,,705.335917844302,64830.9
17.459106,0.092076,147.92786,-0.95696057,,390.680018849007,27622.8
18.317665,0.133073,148.06218,-0.66082464,,580.140252983796,39921.9
17.172859,0.066285,148.0682,-0.70477622,,342.429995394727,19885.5
19.885927,0.37428,148.15747,-0.82559275,,1194.49792593538,112284
18.468981,0.133023,148.00219,-0.78406217,,622.008328787676,39906.9
19.178343,0.092335,147.96518,-0.94934334,,862.320280131015,27700.5
18.521372,0.139072,148.00553,-0.76804989,,637.197994141479,41721.6
17.72522,0.133329,148.04897,-0.85206301,,441.615186774935,39998.7
19.501457,0.390203,148.65027,-0.0595394,,1000.67119844904,117060.9
18.962486,0.047622,148.54937,-0.06612528,,780.723406611865,14286.6
18.15107,0.089523,148.47822,-0.54423455,,537.296485719641,26856.9
18.893345,0.162618,148.67172,-0.37126581,,756.256290301174,48785.4
18.056118,0.126828,148.42037,-0.23196749,,514.308379225294,38048.4
19.990393,0.029792,148.58493,-0.31146803,,1253.36799295117,8937.6
18.284496,0.127312,148.50575,-0.11386407,,571.34601154212,38193.6
18.40642,0.16434,148.65765,-0.59984333,,604.343701181284,49302
18.800877,0.885195,148.56975,0.13592029,,724.728599598291,265558.5
18.906221,0.094471,148.72889,0.18885939,,760.753921994716,28341.3
17.853233,0.083716,148.43474,-0.09046433,,468.432048130463,25114.8
18.286556,0.213592,148.59294,-0.19599728,,571.888284716613,64077.6
18.719315,0.084217,148.67968,-0.02510088,,698.012178499601,25265.1
18.300322,0.150982,148.60004,0.12917036,,575.525273626864,45294.6
18.735676,0.1506,148.58999,0.15324382,,703.291227051589,45180
18.707569,0.103532,148.69239,0.0420026,,694.246661519426,31059.6
18.118082,0.164192,148.72793,-0.37073055,,529.195813744665,49257.6
19.32015,0.206558,148.68383,-0.34381083,,920.513156353166,61967.4
18.469967,0.107022,148.10352,-0.46224293,,622.290828105243,32106.6
18.30537,0.081981,148.21834,-0.27664619,,576.864747751109,24594.3
19.900614,0.421108,148.28484,-0.61908774,,1202.60443190859,126332.4
16.956213,0.045651,148.18303,-0.05825983,,309.915002311608,13695.3
17.791758,0.145851,148.13318,-0.52455899,,455.356562589303,43755.3
17.947672,0.065416,148.13563,-0.3423445,,489.254016885462,19624.8
18.871237,1.0625,148.18988,4.31E-03,,748.595823831687,318750
18.431011,1.38346,148.34861,-0.63410067,,611.226535173007,415038
18.191669,0.107218,148.11417,-0.49295285,,547.43656256797,32165.4
18.202732,0.163661,148.32486,0.11508665,,550.232704204116,49098.3
18.46858,0.11107,148.40568,-0.04101394,,621.893474779024,33321
18.22184,0.082404,148.24054,0.11791934,,555.095874952747,24721.2
17.565918,0.146355,148.34596,-0.16596411,,410.377555328856,43906.5
18.907782,0.145819,148.28257,0.04857023,,761.300999549052,43745.7
19.705364,0.402019,148.35715,-0.01900191,,1099.19007923889,120605.7
16.020479,7.78E-05,148.38949,-0.03476017,,201.416850156268,2.33E+01
17.287149,0.051816,148.12516,-0.41786911,,360.935666697892,15544.8
18.235941,0.145819,148.23615,-0.17441482,,558.712258294084,43745.7
19.426601,0.227688,148.08477,-0.14661638,,966.763399099553,68306.4
19.250134,0.037062,147.8307,-0.17603576,,891.305938284868,11118.6
17.755955,0.080142,147.72827,0.13585898,,447.910248994944,24042.6
18.296328,0.064662,147.92467,-0.23894113,,574.467680046129,19398.6
19.517395,0.327191,148.05021,-0.08627381,,1008.04286499185,98157.3
19.794836,0.371583,147.8615,-0.26639602,,1145.4264300869,111474.9
18.576908,0.125795,147.86306,-0.16839547,,653.704688765727,37738.5
20.141029,0.421539,147.93709,-0.27135387,,1343.40141065772,126461.7
17.999722,0.133004,147.78785,9.85E-03,,501.123073874681,39901.2
17.605103,0.079387,147.90346,-0.3177735,,417.850186170129,23816.1
18.439644,0.069173,147.69322,0.13053617,,613.661390778433,20751.9
18.582462,0.875713,147.77177,0.0136876,,655.378816835374,262713.9
18.990238,0.074499,147.85775,-0.04388436,,790.765293538678,22349.7
18.663012,0.085055,147.89962,-0.21525091,,680.146394221348,25516.5
17.844376,0.0928,147.79347,0.12325749,,466.525299118183,27840
17.694748,0.080553,147.73989,0.15970833,,435.461335339452,24165.9
17.275616,0.06469,148.07759,-0.12739408,,359.02376751832,19407
18.594177,0.133364,147.81045,0.04649349,,658.924112046005,40009.2
18.071255,0.080649,147.74868,0.11584035,,517.906068691601,24194.7
18.938614,0.080193,147.77579,0.05411649,,772.187558528802,24057.9
17.889498,0.091077,147.7552,-0.86806671,,476.320858437658,27323.1
18.089725,0.161159,147.87054,-0.95820669,,522.330035795843,48347.7
18.630856,0.271486,147.70857,-0.88775026,,670.148731705192,81445.8
17.729893,0.057329,147.79717,-0.77937724,,442.566564215819,17198.7
18.446856,0.091358,147.80753,-0.88459728,,615.702901203551,27407.4
19.056503,0.139034,147.72206,-0.69100875,,815.268382558157,41710.2
18.243223,0.036837,147.80929,-0.72849148,,560.589036547127,11051.1
18.642178,0.161063,147.74008,-0.74340141,,673.651994580777,48318.9
18.907557,0.268546,147.72786,-0.83489403,,761.222120420727,80563.8
17.21644,3.93E-04,147.86705,-0.71049327,,349.371922746949,1.18E+02
18.629799,0.160502,147.73297,-0.72031643,,669.82260514036,48150.6
24.644516,2.20783,147.85477,-0.85874409,,10688.1662388064,662349
18.898104,2.20E-04,147.76419,-0.58103041,,757.915519478324,6.61E+01
18.287743,0.063686,147.64572,-0.27665868,,572.200983584373,19105.8
18.697006,0.081127,147.82997,-0.44150459,,690.877740012906,24338.1
20.447233,1.88018,147.70202,-4.92E-03,,1546.84429530545,564054
17.490456,0.089285,147.96631,-0.50010909,,396.361259700795,26785.5
17.521978,0.081063,147.80629,-0.48122158,,402.15696991074,24318.9
19.142921,0.13789,147.87927,-0.50882584,,848.367846085895,41367
18.109959,0.037164,147.86931,-0.56269163,,527.21990678552,11149.2
16.054459,2.75E-04,147.65636,-0.54811511,,204.593484961411,8.25E+01
18.368103,0.079098,147.8548,-0.36901139,,593.773211229141,23729.4
18.153458,0.052512,147.7359,-0.31801106,,537.887683546101,15753.6
18.029778,0.132897,147.63436,-0.09822383,,508.107493648236,39869.1
18.52883,0.138041,147.91036,-0.57613996,,639.390236055335,41412.3
19.563084,0.135186,148.03322,-0.56225306,,1029.47735960394,40555.8
19.254055,0.326897,147.68812,-0.06174011,,892.916811964914,98069.1
18.845011,0.137914,147.62973,-0.28923372,,739.609021676707,41374.2
19.352467,0.371222,147.88098,-0.37988926,,934.31516930423,111366.6
19.235664,0.322549,147.86304,-0.40424782,,885.386304788091,96764.7
18.494101,0.081399,147.40154,-0.83309354,,629.245618217268,24419.7
19.072803,0.019494,147.37478,-0.85898878,,821.411161805533,5848.2
19.011955,0.079824,147.43112,-0.86728318,,798.713453988572,23947.2
17.535336,0.082456,147.48643,-0.97518784,,404.638498073014,24736.8
18.078907,0.091327,147.40814,-0.88704365,,519.734324957029,27398.1
17.745886,-9.70E-05,147.28951,-0.79756098,,445.838121304831,-2.91E+01
17.587717,0.091651,147.4937,-0.88315004,,414.518005661587,27495.3
18.783937,0.269597,147.65468,-0.88138554,,719.096872629948,80879.1
16.929577,0.066491,147.62052,-0.91486919,,306.136702528949,19947.3
18.42985,0.125788,147.60714,-0.75427855,,610.899823983181,37736.4
18.943062,0.092576,147.52334,-0.84953021,,773.770912949201,27772.8
17.622671,0.066865,147.47438,-0.80832652,,421.244457779315,20059.5
17.361227,0.081007,147.42829,-0.84007574,,373.461124030983,24302.1
15.734898,0.036616,147.48496,-0.23136338,,176.595486700633,10984.8
19.766203,0.370142,147.45883,-0.32263375,,1130.42199724852,111042.6
18.833988,0.095236,147.43725,-0.34209863,,735.86407310466,28570.8
19.454952,1.89174,147.55427,-0.47753803,,979.468334201225,567522
17.643497,0.092836,147.43912,0.04682992,,425.30393410393,27850.8
19.198225,0.317378,147.51706,0.04412864,,870.251939791965,95213.4
18.234318,0.215343,147.4701,-0.35133896,,558.29482208833,64602.9
18.365738,0.125994,147.56782,-0.28138654,,593.126871352672,37798.2
19.337463,0.328687,147.46847,-0.45818737,,927.881679696358,98606.1
21.986618,1.05897,147.5069,-0.40262357,,3142.84961085543,317691
18.817753,-3.16E-04,147.61614,0.09324858,,730.382905416952,-9.49E+01
18.011576,0.036726,147.46024,-0.30102857,,503.866169493611,11017.8
19.899393,0.076648,147.53003,-0.22111661,,1201.92840800258,22994.4
19.683989,0.359396,147.59691,-0.32988611,,1088.42322431803,107818.8
18.028141,1.77556,147.52062,-0.33674168,,507.724592847942,532668
19.561535,0.359785,147.57061,-0.43424172,,1028.74325320221,107935.5
19.74999,0.346681,147.7083,0.19797583,,1122.01328722793,104004.3
18.543213,0.092108,147.47772,-0.16522961,,643.639368407378,27632.4
18.615879,0.06367,147.4905,-0.31634141,,665.542509602031,19101
18.048769,0.092131,147.17678,-0.95284717,,512.570727087459,27639.3
18.827074,0.230815,147.20493,-0.88747863,,733.524797223921,69244.5
18.529108,0.167459,147.16557,-0.89132692,,639.472098419079,50237.7
18.846149,0.085161,147.22992,-0.89837162,,739.996728952725,25548.3
17.55324,1.38E-04,147.21337,-0.8131697,,407.988573487838,4.13E+01
18.393393,1.60589,147.13939,-0.85096747,,600.729002931914,481767
17.975565,0.066909,147.07786,-0.87301304,,495.579119810494,20072.7
18.122129,0.144262,147.27217,-0.67572859,,530.183002163044,43278.6
18.386198,0.126793,146.88131,-0.51417256,,598.741829457936,38037.9
18.229979,0.067029,147.22198,-0.86545331,,557.180360494069,20108.7
19.921919,0.056579,146.78847,-0.31065752,,1214.46163517049,16973.7
17.965565,0.126828,147.39993,-0.55694386,,493.302140585666,38048.4
19.283693,0.242288,146.9108,-0.07455936,,905.187608331953,72686.4
18.392227,0.125405,147.34191,-0.54030367,,600.406520366541,37621.5
19.131716,0.036577,147.36287,-0.32793275,,844.001464095274,10973.1
16.936344,0.084234,147.22073,-0.29316914,,307.092210108812,25270.2
17.720062,0.055972,146.75722,8.41E-03,,440.567442432892,16791.6
18.29718,0.036224,147.39152,-0.24981181,,574.693122696721,10867.2
19.611021,0.063,146.82604,-0.33740932,,1052.45660984262,18900
17.229967,-1.83E-04,147.29564,-0.4996407,,351.555097883219,-5.50E+01
18.492123,0.422013,147.43057,0.09338956,,628.672697685121,126603.9
18.275108,0.069085,147.40538,0.11135887,,568.881223924646,20725.5
18.595333,0.204576,147.2941,0.14651592,,659.274988740971,61372.8
17.719669,0.131997,146.72968,-0.25966202,,440.487714347434,39599.1
18.787624,0.215217,147.08843,-0.25609269,,720.318883232891,64565.1
19.508316,0.084169,147.49765,0.10419984,,1003.83700204284,25250.7
18.020819,0.093102,147.38902,0.09016696,,506.015476553652,27930.6
18.776529,0.116395,147.37888,-0.38506069,,716.647846219312,34918.5
17.506281,0.143003,147.032,0.77534942,,399.260365496278,42900.9
20.268391,0.366132,147.09307,0.91700535,,1424.55164971992,109839.6
18.937458,0.166129,147.16742,0.9439156,,771.776587958012,49838.7
18.399725,0.217757,147.31346,0.89716009,,602.483281446522,65327.1
18.709244,0.225202,147.31845,0.82160167,,694.782386387419,67560.6
19.529634,0.028711,147.20183,0.92040828,,1013.74050615575,8613.3
19.96398,0.406564,147.27313,0.83022894,,1238.21482652647,121969.2
19.191351,0.204674,147.43172,0.45632675,,867.50143127869,61402.2
20.064018,0.365565,147.32443,0.66098239,,1296.59278319286,109669.5
17.241751,-2.48E-05,146.50391,0.41384664,,353.4680792996,-7.45E+00
18.897024,0.063599,146.83636,0.51181492,,757.538657568796,19079.7
18.619738,0.062667,147.16549,0.43377448,,666.726320190308,18800.1
21.274624,0.520844,146.79762,0.26047216,,2264.25220841688,156253.2
19.388336,2.24614,147.1701,0.53908692,,949.876623933689,673842
19.580183,0.03047,146.7729,0.70115846,,1037.61585680966,9141
18.594568,1.48828,147.14063,0.41625138,,659.042770023706,446484
17.210697,0.036745,146.8965,0.5474319,,348.449142419714,11023.5
17.621828,-6.78E-05,147.09942,0.47544679,,421.080955744573,-2.04E+01
20.023533,0.413423,147.02367,0.31036651,,1272.64302031034,124026.9
20.876507,1.56893,147.23177,0.37757814,,1884.95679407165,470679
18.346802,0.069497,147.37271,0.24256335,,587.977083892974,20849.1
19.889366,0.373857,147.34962,0.39104812,,1196.39117262259,112157.1
18.724796,0.072968,147.30934,0.3442723,,699.776252103997,21890.4
18.62464,5.91E-03,146.72333,0.50733857,,668.233124603442,1.77E+03
19.223783,0.102233,147.36684,0.9683458,,880.555228206066,30669.9
18.84688,0.203792,147.51478,0.83430352,,740.245881862414,61137.6
19.147778,0.266423,147.50311,0.84813827,,850.267540642807,79926.9
18.076599,0.063182,147.42242,0.85559369,,519.182206698739,18954.6
20.352245,0.639779,147.57777,0.84719788,,1480.63837097004,191933.7
18.416626,0.081116,147.64263,0.78011335,,607.190824301712,24334.8
18.585611,0.163227,147.47507,0.80458016,,656.329915743401,48968.1
19.938477,0.362107,147.33859,0.79272399,,1223.75759449561,108632.1
17.875904,0.143073,147.45095,0.83770769,,473.348276331767,42921.9
18.652315,0.07324,147.45014,0.75806793,,676.804129696756,21972
18.076683,0.080788,147.53905,0.59759859,,519.202290835522,24236.4
16.65519,0.030981,147.51314,0.71902039,,269.797549020697,9294.3
17.360273,0.092903,147.55219,0.53963391,,373.297086183217,27870.9
17.054289,6.30E-03,147.47559,0.61629296,,324.233436990922,1.89E+03
18.542816,0.097868,147.50009,0.64493882,,643.521705631021,29360.4
17.596676,0.072433,147.52575,0.51223237,,416.231745248688,21729.9
19.269958,0.315592,147.51757,0.45016298,,899.480183872618,94677.6
18.783789,0.206796,147.54778,0.66767806,,719.047863160641,62038.8
19.300909,6.08E-03,147.46057,0.61188203,,912.392696104873,1.82E+03
17.60751,0.093158,147.52494,0.53880446,,418.31361505245,27947.4
17.773251,0.063453,147.47106,0.3150296,,451.492146124956,19035.9
17.903217,0.074346,147.50223,0.54138405,,479.339700293176,22303.8
19.489012,0.315242,147.50014,0.3590334,,994.952620047174,94572.6
20.459784,0.460077,147.58299,0.30968378,,1555.81086479346,138023.1
20.9704,0.499894,147.44348,0.29721651,,1968.24882114703,149968.2
18.402281,0.072849,147.49091,0.53099268,,603.19287091128,21854.7
18.543694,0.220622,147.5686,0.7060949,,643.781955909699,66186.6
19.469322,0.212823,147.54677,0.56461052,,985.97158712635,63846.9
19.162041,0.073735,147.45621,0.51267418,,855.870780933742,22120.5
18.034271,0.116451,147.8556,0.93210938,,509.15990877182,34935.3
20.475098,0.862858,147.72016,0.95889121,,1566.82178022584,258857.4
19.435747,0.362878,147.88701,0.78927231,,970.84388613569,108863.4
19.528475,0.317207,147.70565,0.92256808,,1013.19957745437,95162.1
19.61293,0.407826,147.68664,0.88235642,,1053.38225967482,122347.8
18.699062,0.143271,147.81589,0.84598526,,691.532188715243,42981.3
18.389578,0.094048,147.78993,0.91617023,,599.674525273781,28214.4
18.992611,0.191743,147.76167,0.86981835,,791.629919644618,57522.9
19.774168,0.326569,147.79689,0.77265689,,1134.57601939874,97970.7
17.807138,0.02513,147.74024,0.86319252,,458.593188656989,7539
19.511395,0.020544,147.83541,0.89975941,,1005.26138415046,6163.2
17.657223,0.142124,147.70052,0.82952751,,428.000818943637,42637.2
18.694895,0.097716,147.59718,0.70813296,,690.206428593626,29314.8
17.667225,1.23E-03,147.73122,0.54832364,,429.976776985927,3.70E+02
18.730936,0.501838,147.81092,0.68123605,,701.757721642273,150551.4
18.811823,0.089798,147.61928,0.74705046,,728.391048616592,26939.4
19.891544,0.369945,147.5984,0.30336233,,1197.59176222532,110983.5
16.088247,-3.00E-05,147.65394,0.52316504,,207.801845388867,-9.01E+00
18.111132,0.162991,147.74002,0.61567399,,527.504780777704,48897.3
18.717039,0.086682,147.67103,0.66726577,,697.280949575198,26004.6
19.14019,0.093249,147.59101,0.73643446,,847.301548285993,27974.7
22.03116,6.30E-03,147.63041,0.40751089,,3207.98257031703,1.89E+03
18.304302,0.076882,147.72238,0.60230019,,576.581096867077,23064.6
19.622246,0.047719,147.65778,0.42546506,,1057.91116349051,14315.7
17.037853,0.085383,147.89525,0.25563302,,321.78855977309,25614.9
17.364729,0.080654,147.86563,0.5020026,,374.063902142,24196.2
17.413416,0.0934,147.72897,0.76968722,,382.545590206419,28020
20.4702,0.503415,147.73956,0.63468838,,1563.29162048969,151024.5
19.44903,0.074258,147.7793,0.22625902,,976.80078510103,22277.4
20.41184,0.500125,147.70082,0.65954872,,1521.83651371416,150037.5
18.60235,0.085822,147.86458,0.25588937,,661.408847401427,25746.6
19.47224,4.87E-05,147.97413,0.86804335,,987.297415181323,1.46E+01
18.279608,0.046696,147.99447,0.98467764,,570.061353993063,14008.8
18.906937,0.142734,147.96838,0.76446076,,761.004806886284,42820.2
18.70063,0.087994,147.99331,0.93640433,,692.031717998218,26398.2
17.913673,0.14233,148.01434,0.87120136,,481.653366367511,42699
20.011757,0.027254,147.9313,0.95214425,,1265.76009568655,8176.2
18.392084,0.164129,147.97524,0.71403702,,600.366982537255,49238.7
18.096504,0.079717,148.00626,0.34887564,,523.963217080964,23915.1
18.598108,0.242991,147.92802,0.49422737,,660.118037709511,72897.3
19.398113,0.031069,147.95132,0.60521717,,954.163062131204,9320.7
17.040031,0.08574,148.13452,0.23581516,,322.111477567857,25722
17.560392,0.085995,148.13094,0.20183335,,409.334547226543,25798.5
17.373472,0.084454,147.94533,0.33047679,,375.573031806909,25336.2
17.691858,0.076402,147.99765,0.45431067,,434.882167871798,22920.6
20.054993,0.448177,148.06682,0.64561747,,1291.21511122109,134453.1
18.164072,0.093599,147.89741,0.67591946,,540.523275663599,28079.7
18.979683,0.076693,148.06874,0.5475899,,786.930902071334,23007.9
19.091679,0.07551,147.94919,0.29022669,,828.582582835024,22653
17.118204,0.0852,148.0587,0.23593928,,333.918745405706,25560
17.487669,0.020639,147.89718,0.43473978,,395.852871827247,6191.7
18.046198,0.074936,148.0828,0.20366493,,511.964207981159,22480.8
19.054699,0.093514,147.90535,0.41213467,,814.5913611059,28054.2
17.866198,0.143446,147.9647,0.6583516,,471.23723598921,43033.8
18.622986,4.88E-05,148.10993,0.37240762,,667.724328472563,1.46E+01
18.173233,0.091472,147.93482,0.26840802,,542.808450270949,27441.6
18.442316,0.180195,148.1863,0.62503698,,614.4169667975,54058.5
17.972179,0.098522,148.23685,0.61102889,,494.806960198256,29556.6
17.655174,0.035524,148.24725,0.50288721,,427.597148121767,10657.2
17.842012,0.093747,148.31783,0.66672233,,466.017687003978,28124.1
18.02528,0.026196,148.18812,0.75165767,,507.056086287532,7858.8
18.051056,0.087848,148.29024,0.58349607,,513.110852199046,26354.4
18.055426,1.46E-05,148.16678,0.72642294,,514.144506687033,4.37E+00
17.629221,0.079534,148.15677,0.30885575,,422.517012156124,23860.2
19.021435,0.079207,148.23848,0.54952673,,802.208020949465,23762.1
18.375669,0.07664,148.18203,0.53722087,,595.845686900035,22992
16.857489,0.077912,148.16746,0.53038622,,296.140496380513,23373.6
18.080107,0.081879,148.14636,0.24905748,,520.02162013446,24563.7
18.280027,0.163256,148.29325,0.20397009,,570.171361724295,48976.8
17.912388,0.086086,148.2522,0.24086148,,481.368425384411,25825.8
17.848804,0.079302,148.30689,0.38998363,,467.477593828152,23790.6
19.218699,0.255079,148.2334,0.3577425,,878.49602348413,76523.7
18.183992,0.156265,148.25575,0.29638612,,545.504578453534,46879.5
18.705795,0.094057,148.31189,0.64998063,,693.67972333062,28217.1
18.170851,0.092827,148.30796,0.62854595,,542.213342168469,27848.1
18.156052,-4.87E-05,148.36464,0.62225381,,538.530617973878,-1.46E+01
18.447422,0.207358,148.43559,0.75422664,,615.863406702788,62207.4
18.73111,0.094761,148.41382,0.59534421,,701.813955714292,28428.3
19.938265,0.353004,148.4105,0.52682083,,1223.6381253534,105901.2
18.308134,0.020795,148.33526,0.72067232,,577.599488543647,6238.5
17.353733,6.73E-04,148.32412,0.41432082,,372.174488357238,2.02E+02
18.510004,0.096673,148.4297,0.66652892,,633.870878889161,29001.9
14.905762,0.012582,148.33426,0.69772982,,120.545887851854,3774.6
17.780869,0.094077,148.42935,0.57138303,,453.078860935131,28223.1
17.909096,0.094394,148.39516,0.59630101,,480.639213139854,28318.2
17.915375,0.095024,148.40289,0.75513614,,482.03103424823,28507.2
16.637476,0.079773,148.3768,0.44866958,,267.605601617177,23931.9
18.124371,0.087064,148.34105,0.52984944,,530.730687749806,26119.2
18.359833,0.079951,148.35487,0.48701206,,591.516141083436,23985.3
18.254347,0.132176,148.41006,0.61535483,,563.468185538044,39652.8
17.443939,0.080388,148.40998,0.42522767,,387.960758726165,24116.4
18.869583,0.174947,148.42275,0.48484471,,748.025839129142,52484.1
19.748013,0.013099,148.33551,0.62868702,,1120.99222392318,3929.7
18.722921,0.020764,148.44366,0.49440186,,699.172277510868,6229.2
19.18717,0.046605,148.07488,0.88948517,,865.832732227536,13981.5
16.413908,0.047376,148.08728,0.97031516,,241.424644180256,14212.8
16.598904,0.046761,148.13787,0.98408445,,262.894076050966,14028.3
19.688255,0.325307,148.20619,0.95540114,,1090.56360491487,97592.1
18.287403,0.046996,148.05468,0.92452048,,572.111397779102,14098.8
18.252018,0.093757,148.03551,0.929627,,562.864165016881,28127.1
19.828463,0.314084,148.27178,0.8443218,,1163.3023354893,94225.2
18.976179,0.087966,148.03558,0.97315437,,785.662093718667,26389.8
18.409729,0.034548,148.52474,0.65054949,,605.265332858839,10364.4
18.346195,0.079889,148.56238,0.56457321,,587.812747376469,23966.7
17.826279,0.093548,148.46686,0.56135996,,462.653444627541,28064.4
18.386127,0.035137,148.54249,0.60547208,,598.722252891027,10541.1
17.623146,0.079414,148.61056,0.47630546,,421.3366132231,23824.2
19.517818,0.387624,148.58608,0.67695265,,1008.23924955746,116287.2
19.760483,0.036349,148.64485,0.63228811,,1127.44820627616,10904.7
17.806744,0.034741,148.55894,0.63831949,,458.509987358007,10422.3
17.721964,0.084996,148.50585,0.49759475,,440.953505992658,25498.8
19.747129,0.034655,148.64297,0.69178339,,1120.53596417928,10396.5
19.040016,0.079949,148.60823,0.60640483,,809.101860839248,23984.7
18.186317,0.11088,148.53515,0.33165732,,546.088964129568,33264
18.167629,0.094143,148.45264,0.20496516,,541.40941027127,28242.9
18.479143,0.244168,148.51003,0.72730991,,624.926008873852,73250.4
17.233435,0.087714,148.46508,0.42882728,,352.117005629683,26314.2
17.406078,0.064433,148.50917,0.23923705,,381.255045664424,19329.9
18.662916,0.157156,148.55923,0.25539659,,680.116325862999,47146.8
18.308205,0.089385,148.61933,0.25455036,,577.618374454403,26815.5
18.399948,0.094998,148.32598,0.88944426,,602.545156822033,28499.4
17.731247,0.046956,148.41749,0.9181401,,442.842608243689,14086.8
18.657026,0.098064,148.30144,0.97190834,,678.274047242037,29419.2
18.169142,0.095671,148.35329,0.91225836,,541.786775361283,28701.3
18.383932,0.094315,148.28534,0.7705913,,598.117349349146,28294.5
18.192459,0.094548,148.34859,0.77161295,,547.635760845176,28364.4
17.424309,0.028768,148.55166,0.80530386,,384.469417772554,8630.4
18.406134,0.094882,148.38996,0.92365105,,604.264109602807,28464.6
17.951599,0.100218,148.29933,0.85746074,,490.139609008073,30065.4
19.413784,0.314414,148.44252,0.89058843,,961.073937125744,94324.2
18.712749,0.02055,148.44052,0.78675317,,695.904748644622,6165
18.025501,0.097219,148.32862,0.94470695,,507.107694172188,29165.7
18.369169,0.079561,148.85593,0.45463914,,594.064772673776,23868.3
18.904823,0.046607,148.92037,0.54011713,,760.264304121297,13982.1
18.495399,0.095402,148.85481,0.54131065,,629.621862910661,28620.6
17.552696,0.062743,148.8171,0.5629577,,407.886376478905,18822.9
18.447708,0.061749,148.75811,0.71648227,,615.944526100557,18524.7
18.791782,0.034635,148.89918,0.70034673,,721.699492663769,10390.5
18.078541,0.125411,148.80088,0.67021018,,519.646731519482,37623.3
18.064674,0.12604,148.66201,0.22649023,,516.338846251712,37812
18.622124,0.047597,148.81045,0.61289957,,667.459317440735,14279.1
18.440338,0.089561,148.86002,0.74859553,,613.857547573293,26868.3
17.368366,0.126108,148.87962,0.35484861,,374.690946892231,37832.4
18.101295,0.085526,148.78171,0.27732919,,525.120532777131,25657.8
18.372234,0.163642,148.88333,0.68576117,,594.903878041508,49092.6
19.418531,0.173161,148.90099,0.60628011,,963.177214270304,51948.3
18.454514,0.094725,148.72043,0.38881386,,617.878096579905,28417.5
17.717333,0.086971,148.81109,0.28004509,,440.014106659282,26091.3
19.882687,0.4125,148.72179,0.3181771,,1192.71697426227,123750
18.493992,0.213814,148.73256,0.44106498,,629.214033173552,64144.2
18.811588,0.071548,148.80535,0.48843689,,728.312225310447,21464.4
17.366846,1.08E-04,148.76657,0.92770885,,374.428760298598,3.25E+01
17.838676,0.063027,148.75745,0.96953324,,465.302300786179,18908.1
19.039869,0.046233,148.56254,0.97277312,,809.047089732186,13869.9
16.415955,0.047645,148.60079,0.82368711,,241.652337266168,14293.5
18.867062,0.047156,148.76194,0.75748407,,747.157912417811,14146.8
19.917137,0.418812,148.70954,0.82668867,,1211.79009970533,125643.6
19.034281,0.080791,148.94828,0.7922271,,806.967789502027,24237.3
19.088955,0.090166,148.54049,0.76850027,,827.543820447076,27049.8
16.927691,0.064218,148.81867,0.87349438,,305.870927492481,19265.4
18.716919,2.01911,148.91747,0.811696,,697.242417470604,605733
17.586136,0.08073,148.89222,0.78120565,,414.216314307773,24219
18.348064,0.064145,148.9469,0.77314145,,588.318899308752,19243.5
17.927383,0.035488,148.92474,0.22252607,,484.703995831411,10646.4
18.113337,0.047421,148.97539,0.33293438,,528.040702298049,14226.3
18.305796,0.035477,149.041,0.32583021,,576.977928323027,10643.1
17.949224,0.077851,148.94854,0.5559619,,489.603822689048,23355.3
18.144516,0.080257,149.06013,0.50943641,,535.677246977581,24077.1
18.017082,0.095267,148.96171,0.68728913,,505.145397054712,28580.1
18.243444,0.125932,149.00501,0.66500728,,560.646092985497,37779.6
18.81818,0.309754,149.03443,0.47026995,,730.526542593633,92926.2
17.905928,0.06503,149.07411,0.57468091,,479.938511238754,19509
18.331928,0.08656,149.11525,0.30553309,,583.96336169315,25968
18.152649,0.15971,149.10965,0.33502811,,537.687326366996,47913
18.947906,0.092512,148.99046,0.48361717,,775.498924769416,27753.6
18.314234,0.126994,149.03238,0.28812968,,579.224335503536,38098.2
18.248333,0.079604,148.94937,0.53082044,,561.909791611693,23881.2
17.880533,0.086773,149.1849,0.24209695,,474.358404884827,26031.9
18.611702,0.088262,149.00909,0.44023281,,664.263516133723,26478.6
16.806099,0.087776,149.19443,0.20273723,,289.214324944727,26332.8
18.48127,0.062743,148.98243,0.22985176,,625.538436102989,18822.9
18.860363,0.068755,150.0698,-0.97445885,,744.856479426975,20626.5
18.840597,0.13371,150.29383,-0.68029948,,738.107129040462,40113
17.958136,0.168911,150.2292,-0.72783056,,491.617348341839,50673.3
18.370457,0.138713,150.27238,-0.72456981,,594.417244293093,41613.9
16.741951,0.076043,149.99906,-0.86914128,,280.795536495132,22812.9
18.270775,0.136291,150.24783,-0.73842545,,567.74719862017,40887.3
18.018005,8.03E-07,150.08328,-0.57037215,,505.360158386596,2.41E-01
17.802433,0.045909,150.01692,-0.58805614,,457.600615566142,13772.7
18.298937,0.139188,150.18497,-0.89906044,,575.158311397859,41756.4
19.220781,0.268996,150.23136,-0.58731047,,879.338726263257,80698.8
17.056368,0.087063,150.09777,-0.44503531,,324.544011559264,26118.9
17.954582,0.169366,150.19074,-0.61473228,,490.813387388875,50809.8
17.731558,0.094624,150.26849,-0.54231794,,442.906037055175,28387.2
17.738693,0.092551,150.34628,-0.63458886,,444.363726325892,27765.3
18.508928,0.167975,150.1397,-0.56762305,,633.556863335302,50392.5
16.686844,3.76E-04,150.24775,-0.70635261,,273.759248492847,1.13E+02
18.078533,0.094105,150.37269,-0.545611,,519.644817073702,28231.5
18.069277,0.090303,150.44875,-0.38537523,,517.434521473968,27090.9
18.480759,0.091667,150.37263,-0.44165289,,625.391249092141,27500.1
17.494419,0.033121,150.44232,-0.21109708,,397.08529096035,9936.3
17.961557,0.089837,150.37774,-0.13015514,,492.392466843632,26951.1
18.856974,1.30567,150.42554,-0.4193162,,743.694894421361,391701
17.630053,0.087603,150.38232,-0.18610224,,422.678930634276,26280.9
19.348131,3.67332,150.46495,-0.27414753,,932.451388518949,1101996
19.139725,0.045169,150.51385,-0.21379652,,847.120126207551,13550.7
17.572964,0.136814,150.40177,-0.16385996,,411.711312334913,41044.2
17.147324,0.061965,150.37208,-0.21492055,,338.426840922389,18589.5
19.327009,0.087749,150.42345,-0.17359433,,923.425365541395,26324.7
18.297531,0.033039,150.49028,-0.1171181,,574.786024448086,9911.7
18.09552,0.065208,150.44798,-0.16134973,,523.725837594205,19562.4
18.072248,0.140933,150.36679,-0.30144964,,518.14295787816,42279.9
18.174988,-1.97E-04,150.4187,0.11162667,,543.247329388452,-5.90E+01
19.037991,0.349715,150.41718,-0.02319268,,808.347687062325,104914.5
16.373882,0.032849,150.47062,-0.12517918,,237.015309912127,9854.7
18.328875,0.193929,150.49208,-0.26111807,,583.142910361135,58178.7
17.701853,0.062158,150.4562,-0.30859545,,436.888486780432,18647.4
20.186695,-2.43E-04,149.81852,-0.82974198,,1371.95226179284,-7.30E+01
18.394974,0.104555,149.79426,-0.8594179,,601.166539407204,31366.5
17.910416,0.035606,149.91718,-0.74347471,,480.931474110458,10681.8
17.191168,4.83E-04,149.6984,-0.66619961,,345.329436526027,1.45E+02
18.581057,0.094567,149.91562,-0.7848048,,654.954906586936,28370.1
19.390121,0.367246,149.7413,-0.68335957,,950.657765264063,110173.8
20.059727,3.03E-04,149.93783,-0.81879212,,1294.03314389303,9.08E+01
17.821278,0.104983,149.69803,-0.75516601,,461.58915866291,31494.9
19.834173,0.369654,149.84581,-0.63933118,,1166.36532505768,110896.2
18.37291,0.166812,149.80592,-0.64337886,,595.089106103183,50043.6
17.115963,4.82E-04,149.98047,-0.49724368,,333.574312797648,1.45E+02
19.676874,0.087133,149.8964,-0.64721945,,1084.86275634925,26139.9
18.624554,1.87658,149.90953,-0.58358358,,668.206660113042,562974
18.208771,0.078858,149.87596,-0.62934792,,551.765065428775,23657.4
17.579908,0.091951,150.29559,-0.06298611,,413.030002543687,27585.3
17.035271,0.0901,150.297,-0.13348459,,321.406162886314,27030
17.89436,0.088015,150.29137,-0.26900455,,477.388551767519,26404.5
19.145308,2.45828,150.3068,-0.2095875,,849.300930693453,737484
19.568911,0.367235,150.32655,-0.35046288,,1032.24360263455,110170.5